{
    "web": {
        "client_id": "141816458160-c8hbu7su3fs615u5rfn178fsg6hgi5b6.apps.googleusercontent.com",
        "project_id": "projectfire-1603614317699",
        "auth_uri": "https://accounts.google.com/o/oauth2/auth",
        "token_uri": "https://oauth2.googleapis.com/token",
        "auth_provider_x509_cert_url": "https://www.googleapis.com/oauth2/v1/certs",
        "client_secret": "IxLmUtNqO-9M57Ip_bOmgknA",
        "javascript_origins": [
            "http://localhost:8000"
        ]
    }
}